[
  {"model": "products.category", "pk": 1, "fields": {"name": "Python",                  "icon": "code-2"}},
  {"model": "products.category", "pk": 2, "fields": {"name": "Desarrollo Web",          "icon": "globe"}},
  {"model": "products.category", "pk": 3, "fields": {"name": "Inteligencia Artificial", "icon": "brain"}},
  {"model": "products.category", "pk": 4, "fields": {"name": "DevOps",                  "icon": "server"}},
  {"model": "products.category", "pk": 5, "fields": {"name": "Bases de Datos",          "icon": "database"}},
  {"model": "products.category", "pk": 6, "fields": {"name": "Mobile",                  "icon": "smartphone"}},

  {
    "model": "products.product", "pk": 1,
    "fields": {
      "title": "Python desde Cero hasta Avanzado",
      "type": "course",
      "category": 1,
      "author": "María González",
      "description": "Aprende Python desde los fundamentos hasta conceptos avanzados. Incluye proyectos prácticos y ejercicios.",
      "price": "49.99",
      "original_price": "99.99",
      "level": "beginner",
      "language": "spanish",
      "image": "https://images.unsplash.com/photo-1526379095098-d400fd0bf935?w=800&h=600&fit=crop",
      "rating": "4.8",
      "duration": "40 horas",
      "pages": null,
      "is_new": false,
      "is_featured": true,
      "is_active": true,
      "created_at": "2026-01-01T00:00:00Z",
      "updated_at": "2026-01-01T00:00:00Z"
    }
  },
  {
    "model": "products.product", "pk": 2,
    "fields": {
      "title": "Desarrollo Web Full Stack con React y Node.js",
      "type": "course",
      "category": 2,
      "author": "Carlos Ruiz",
      "description": "Conviértete en desarrollador Full Stack. Aprende React, Node.js, Express y MongoDB.",
      "price": "79.99",
      "original_price": null,
      "level": "intermediate",
      "language": "spanish",
      "image": "https://images.unsplash.com/photo-1633356122544-f134324a6cee?w=800&h=600&fit=crop",
      "rating": "4.9",
      "duration": "60 horas",
      "pages": null,
      "is_new": true,
      "is_featured": true,
      "is_active": true,
      "created_at": "2026-01-01T00:00:00Z",
      "updated_at": "2026-01-01T00:00:00Z"
    }
  },
  {
    "model": "products.product", "pk": 3,
    "fields": {
      "title": "Machine Learning con Python",
      "type": "course",
      "category": 3,
      "author": "Dr. Ana Martínez",
      "description": "Domina los fundamentos del Machine Learning con Python, scikit-learn y TensorFlow.",
      "price": "89.99",
      "original_price": "149.99",
      "level": "advanced",
      "language": "spanish",
      "image": "https://images.unsplash.com/photo-1555949963-aa79dcee981c?w=800&h=600&fit=crop",
      "rating": "4.7",
      "duration": "50 horas",
      "pages": null,
      "is_new": false,
      "is_featured": true,
      "is_active": true,
      "created_at": "2026-01-01T00:00:00Z",
      "updated_at": "2026-01-01T00:00:00Z"
    }
  },
  {
    "model": "products.product", "pk": 4,
    "fields": {
      "title": "DevOps: Docker, Kubernetes y CI/CD",
      "type": "course",
      "category": 4,
      "author": "Juan Pérez",
      "description": "Aprende DevOps moderno: Docker, Kubernetes, Jenkins y automatización completa.",
      "price": "69.99",
      "original_price": null,
      "level": "intermediate",
      "language": "english",
      "image": "https://images.unsplash.com/photo-1667372393119-3d4c48d07fc9?w=800&h=600&fit=crop",
      "rating": "4.6",
      "duration": "45 horas",
      "pages": null,
      "is_new": false,
      "is_featured": false,
      "is_active": true,
      "created_at": "2026-01-01T00:00:00Z",
      "updated_at": "2026-01-01T00:00:00Z"
    }
  },
  {
    "model": "products.product", "pk": 5,
    "fields": {
      "title": "Desarrollo Mobile con React Native",
      "type": "course",
      "category": 6,
      "author": "Laura Sánchez",
      "description": "Crea aplicaciones móviles nativas para iOS y Android con React Native.",
      "price": "59.99",
      "original_price": null,
      "level": "intermediate",
      "language": "spanish",
      "image": "https://images.unsplash.com/photo-1512941937669-90a1b58e7e9c?w=800&h=600&fit=crop",
      "rating": "4.5",
      "duration": "35 horas",
      "pages": null,
      "is_new": true,
      "is_featured": false,
      "is_active": true,
      "created_at": "2026-01-01T00:00:00Z",
      "updated_at": "2026-01-01T00:00:00Z"
    }
  },
  {
    "model": "products.product", "pk": 6,
    "fields": {
      "title": "PostgreSQL: Bases de Datos Avanzadas",
      "type": "course",
      "category": 5,
      "author": "Roberto Fernández",
      "description": "Domina PostgreSQL: desde consultas básicas hasta optimización avanzada.",
      "price": "54.99",
      "original_price": null,
      "level": "intermediate",
      "language": "spanish",
      "image": "https://images.unsplash.com/photo-1544383835-bda2bc66a55d?w=800&h=600&fit=crop",
      "rating": "4.7",
      "duration": "30 horas",
      "pages": null,
      "is_new": false,
      "is_featured": false,
      "is_active": true,
      "created_at": "2026-01-01T00:00:00Z",
      "updated_at": "2026-01-01T00:00:00Z"
    }
  },
  {
    "model": "products.product", "pk": 7,
    "fields": {
      "title": "Clean Code: Manual de Estilo para el Desarrollo Ágil",
      "type": "book",
      "category": 2,
      "author": "Robert C. Martin",
      "description": "El libro esencial sobre código limpio y mejores prácticas de programación.",
      "price": "29.99",
      "original_price": null,
      "level": "intermediate",
      "language": "spanish",
      "image": "https://images.unsplash.com/photo-1532012197267-da84d127e765?w=800&h=600&fit=crop",
      "rating": "4.9",
      "duration": "",
      "pages": 464,
      "is_new": false,
      "is_featured": true,
      "is_active": true,
      "created_at": "2026-01-01T00:00:00Z",
      "updated_at": "2026-01-01T00:00:00Z"
    }
  },
  {
    "model": "products.product", "pk": 8,
    "fields": {
      "title": "Python para Data Science",
      "type": "book",
      "category": 1,
      "author": "Jake VanderPlas",
      "description": "Guía completa de Python para análisis de datos con pandas, NumPy y matplotlib.",
      "price": "34.99",
      "original_price": "49.99",
      "level": "intermediate",
      "language": "spanish",
      "image": "https://images.unsplash.com/photo-1456513080510-7bf3a84b82f8?w=800&h=600&fit=crop",
      "rating": "4.8",
      "duration": "",
      "pages": 541,
      "is_new": false,
      "is_featured": true,
      "is_active": true,
      "created_at": "2026-01-01T00:00:00Z",
      "updated_at": "2026-01-01T00:00:00Z"
    }
  },
  {
    "model": "products.product", "pk": 9,
    "fields": {
      "title": "Diseño de APIs RESTful",
      "type": "book",
      "category": 2,
      "author": "Leonard Richardson",
      "description": "Todo lo que necesitas saber sobre diseño de APIs REST modernas y escalables.",
      "price": "24.99",
      "original_price": null,
      "level": "intermediate",
      "language": "english",
      "image": "https://images.unsplash.com/photo-1516116216624-53e697fedbea?w=800&h=600&fit=crop",
      "rating": "4.6",
      "duration": "",
      "pages": 328,
      "is_new": true,
      "is_featured": false,
      "is_active": true,
      "created_at": "2026-01-01T00:00:00Z",
      "updated_at": "2026-01-01T00:00:00Z"
    }
  },
  {
    "model": "products.product", "pk": 10,
    "fields": {
      "title": "Deep Learning con TensorFlow",
      "type": "book",
      "category": 3,
      "author": "François Chollet",
      "description": "Aprende Deep Learning desde cero con TensorFlow y Keras.",
      "price": "39.99",
      "original_price": null,
      "level": "advanced",
      "language": "spanish",
      "image": "https://images.unsplash.com/photo-1555066931-4365d14bab8c?w=800&h=600&fit=crop",
      "rating": "4.9",
      "duration": "",
      "pages": 592,
      "is_new": true,
      "is_featured": true,
      "is_active": true,
      "created_at": "2026-01-01T00:00:00Z",
      "updated_at": "2026-01-01T00:00:00Z"
    }
  },

  {"model": "products.chapter", "pk": 1,  "fields": {"product": 1, "order": 1, "title": "Introducción a Python",              "duration": "45 min", "video_url": "#"}},
  {"model": "products.chapter", "pk": 2,  "fields": {"product": 1, "order": 2, "title": "Variables y Tipos de Datos",         "duration": "60 min", "video_url": "#"}},
  {"model": "products.chapter", "pk": 3,  "fields": {"product": 1, "order": 3, "title": "Estructuras de Control",             "duration": "75 min", "video_url": "#"}},
  {"model": "products.chapter", "pk": 4,  "fields": {"product": 1, "order": 4, "title": "Funciones y Módulos",                "duration": "90 min", "video_url": "#"}},
  {"model": "products.chapter", "pk": 5,  "fields": {"product": 1, "order": 5, "title": "Programación Orientada a Objetos",  "duration": "120 min","video_url": "#"}},

  {"model": "products.chapter", "pk": 6,  "fields": {"product": 2, "order": 1, "title": "Fundamentos de React",              "duration": "90 min", "video_url": "#"}},
  {"model": "products.chapter", "pk": 7,  "fields": {"product": 2, "order": 2, "title": "React Hooks y Estado",              "duration": "120 min","video_url": "#"}},
  {"model": "products.chapter", "pk": 8,  "fields": {"product": 2, "order": 3, "title": "Node.js y Express",                 "duration": "100 min","video_url": "#"}},
  {"model": "products.chapter", "pk": 9,  "fields": {"product": 2, "order": 4, "title": "APIs RESTful",                      "duration": "110 min","video_url": "#"}},
  {"model": "products.chapter", "pk": 10, "fields": {"product": 2, "order": 5, "title": "MongoDB y Bases de Datos",          "duration": "95 min", "video_url": "#"}},

  {"model": "products.chapter", "pk": 11, "fields": {"product": 3, "order": 1, "title": "Introducción al ML",                "duration": "60 min", "video_url": "#"}},
  {"model": "products.chapter", "pk": 12, "fields": {"product": 3, "order": 2, "title": "Regresión Lineal",                  "duration": "90 min", "video_url": "#"}},
  {"model": "products.chapter", "pk": 13, "fields": {"product": 3, "order": 3, "title": "Clasificación",                    "duration": "100 min","video_url": "#"}},
  {"model": "products.chapter", "pk": 14, "fields": {"product": 3, "order": 4, "title": "Redes Neuronales",                  "duration": "120 min","video_url": "#"}},

  {"model": "products.chapter", "pk": 15, "fields": {"product": 4, "order": 1, "title": "Docker Fundamentals",               "duration": "80 min", "video_url": "#"}},
  {"model": "products.chapter", "pk": 16, "fields": {"product": 4, "order": 2, "title": "Kubernetes Basics",                 "duration": "100 min","video_url": "#"}},
  {"model": "products.chapter", "pk": 17, "fields": {"product": 4, "order": 3, "title": "CI/CD Pipelines",                   "duration": "90 min", "video_url": "#"}},

  {"model": "products.chapter", "pk": 18, "fields": {"product": 5, "order": 1, "title": "Introducción a React Native",       "duration": "70 min", "video_url": "#"}},
  {"model": "products.chapter", "pk": 19, "fields": {"product": 5, "order": 2, "title": "Componentes Nativos",               "duration": "85 min", "video_url": "#"}},
  {"model": "products.chapter", "pk": 20, "fields": {"product": 5, "order": 3, "title": "Navegación",                       "duration": "90 min", "video_url": "#"}},

  {"model": "products.chapter", "pk": 21, "fields": {"product": 6, "order": 1, "title": "Fundamentos SQL",                   "duration": "60 min", "video_url": "#"}},
  {"model": "products.chapter", "pk": 22, "fields": {"product": 6, "order": 2, "title": "Consultas Avanzadas",               "duration": "90 min", "video_url": "#"}},
  {"model": "products.chapter", "pk": 23, "fields": {"product": 6, "order": 3, "title": "Optimización",                     "duration": "100 min","video_url": "#"}},

  {"model": "products.tableofcontentsentry", "pk": 1,  "fields": {"product": 7, "order": 1, "entry": "Capítulo 1: Código Limpio"}},
  {"model": "products.tableofcontentsentry", "pk": 2,  "fields": {"product": 7, "order": 2, "entry": "Capítulo 2: Nombres con Significado"}},
  {"model": "products.tableofcontentsentry", "pk": 3,  "fields": {"product": 7, "order": 3, "entry": "Capítulo 3: Funciones"}},
  {"model": "products.tableofcontentsentry", "pk": 4,  "fields": {"product": 7, "order": 4, "entry": "Capítulo 4: Comentarios"}},
  {"model": "products.tableofcontentsentry", "pk": 5,  "fields": {"product": 7, "order": 5, "entry": "Capítulo 5: Formato"}},
  {"model": "products.tableofcontentsentry", "pk": 6,  "fields": {"product": 7, "order": 6, "entry": "Capítulo 6: Objetos y Estructuras de Datos"}},
  {"model": "products.tableofcontentsentry", "pk": 7,  "fields": {"product": 7, "order": 7, "entry": "Capítulo 7: Manejo de Errores"}},

  {"model": "products.tableofcontentsentry", "pk": 8,  "fields": {"product": 8, "order": 1, "entry": "Introducción a Python"}},
  {"model": "products.tableofcontentsentry", "pk": 9,  "fields": {"product": 8, "order": 2, "entry": "NumPy: Computación Numérica"}},
  {"model": "products.tableofcontentsentry", "pk": 10, "fields": {"product": 8, "order": 3, "entry": "Pandas: Manipulación de Datos"}},
  {"model": "products.tableofcontentsentry", "pk": 11, "fields": {"product": 8, "order": 4, "entry": "Matplotlib: Visualización"}},
  {"model": "products.tableofcontentsentry", "pk": 12, "fields": {"product": 8, "order": 5, "entry": "Machine Learning con scikit-learn"}},

  {"model": "products.tableofcontentsentry", "pk": 13, "fields": {"product": 9, "order": 1, "entry": "REST Fundamentals"}},
  {"model": "products.tableofcontentsentry", "pk": 14, "fields": {"product": 9, "order": 2, "entry": "HTTP Methods and Status Codes"}},
  {"model": "products.tableofcontentsentry", "pk": 15, "fields": {"product": 9, "order": 3, "entry": "Authentication and Security"}},
  {"model": "products.tableofcontentsentry", "pk": 16, "fields": {"product": 9, "order": 4, "entry": "Versioning and Documentation"}},
  {"model": "products.tableofcontentsentry", "pk": 17, "fields": {"product": 9, "order": 5, "entry": "Best Practices"}},

  {"model": "products.tableofcontentsentry", "pk": 18, "fields": {"product": 10, "order": 1, "entry": "Fundamentos de Deep Learning"}},
  {"model": "products.tableofcontentsentry", "pk": 19, "fields": {"product": 10, "order": 2, "entry": "Redes Neuronales Convolucionales"}},
  {"model": "products.tableofcontentsentry", "pk": 20, "fields": {"product": 10, "order": 3, "entry": "Redes Recurrentes"}},
  {"model": "products.tableofcontentsentry", "pk": 21, "fields": {"product": 10, "order": 4, "entry": "Generative Models"}},
  {"model": "products.tableofcontentsentry", "pk": 22, "fields": {"product": 10, "order": 5, "entry": "Aplicaciones Prácticas"}}
]
